Project Name,Stars,Forks,Commits,isFork,Branch,Contributors,Size,Comment Lines,LOC,Blank Lines,Java,,,Incalculable due to TIME LIMIT,Tutorial repository,Noting Refactoring
davidb/scala-maven-plugin,556,150,1137,FALSE,master,60,6589,1147,5019,809,227353,,,11,2,1
junit-team/junit4,8502,3236,2513,FALSE,main,148,24340,7448,31232,6670,1449307,,,,,
unclebob/fitnesse,2011,712,6065,FALSE,master,116,74305,3229,85133,17752,3538008,,,,,
connectbot/connectbot,2471,627,2234,FALSE,main,59,8656,4874,18198,3445,838479,,,,,
cwensel/cascading,342,222,2528,FALSE,4.5,28,33516,49276,103829,30763,5766799,,,,,
apache/jspwiki,105,101,9398,FALSE,master,18,103728,38209,58901,16786,5003144,,,,,
jdbi/jdbi,1952,341,5654,FALSE,master,133,27632,28623,71297,17807,3954183,,,,,
apache/pig,676,449,3738,FALSE,trunk,12,91891,78924,269787,52215,15389811,,,,,
apache/xmlgraphics-batik,208,139,3581,FALSE,main,6,171087,121707,192293,47474,12255497,,,,,
apache/openjpa,136,131,5365,FALSE,master,19,39239,185188,461734,98831,24615169,,,,,
apache/maven-release,114,133,1184,FALSE,master,51,4380,10132,23239,5975,1531983,,,,,
qos-ch/slf4j,2306,979,2121,FALSE,master,77,12284,10980,14183,4006,992235,,,,,
sgothel/jogl,311,141,7327,FALSE,master,42,158871,108525,254655,44370,16561485,,,,,
ervandew/eclim,1040,129,4910,FALSE,master,34,101564,10438,24900,5167,1229994,,,,,
tootallnate/java-websocket,10372,2565,1170,FALSE,master,70,4203,7576,13648,2705,827421,,,,,
brianfrankcooper/ycsb,4886,2221,1307,FALSE,master,147,32613,9862,25112,4988,1391101,,,,,
jenkinsci/gerrit-trigger-plugin,210,275,1947,FALSE,master,112,6000,17285,29247,5544,2036050,,,,,
sevntu-checkstyle/sevntu.checkstyle,190,147,1456,FALSE,master,62,212946,12473,28577,6328,1608230,,,,,
cbeust/jcommander,1941,332,1110,FALSE,master,82,33680,3187,7963,2034,435906,,,,,
vrapper/vrapper,1103,150,2621,FALSE,master,32,10067,5730,39385,7254,2030505,,,,,
jboss-modules/jboss-modules,271,208,1307,FALSE,2.x,54,11267,10122,19760,3449,1279800,,,,,
weld/core,382,285,8335,FALSE,master,100,57357,93136,158112,39958,10792189,,,,,
apache/karaf,668,656,9555,FALSE,main,158,70587,41296,128890,24339,7313823,,,,,
cyclestreets/android,212,216,1674,FALSE,master,19,15147,1290,10961,2441,503098,,,,,
square/retrofit,42532,7262,2225,FALSE,trunk,155,6188,5861,27450,4651,1202904,,,,,
errai/errai,275,191,7800,FALSE,main,69,222754,100268,173556,48106,10803137,,,,,
kiegroup/jbpm,1621,1191,4306,FALSE,main,127,336618,86375,295342,69151,17620712,,,,,
pholser/junit-quickcheck,954,121,1208,FALSE,master,33,18286,12069,28714,9271,1651765,,,,,
rest-assured/rest-assured,6795,1871,2309,FALSE,master,146,11283,27931,41358,9551,2248756,,,,,
validator/validator,1670,266,4245,FALSE,main,63,24891,14211,39020,6219,2181580,,,,,
jenkinsci/jira-plugin,168,280,1529,FALSE,master,81,10142,1294,12490,2425,586571,,,,,
jenkinsci/subversion-plugin,127,265,1277,FALSE,master,72,2665,3773,12057,2234,739804,,,,,
jenkinsci/artifactory-plugin,108,306,2330,FALSE,master,69,6271,4647,30973,6005,1601422,,,,,
webbukkit/dynmap,2039,418,3265,FALSE,v3.0,107,21886,14558,123117,12968,5329259,,,,,
fasterxml/jackson-dataformat-xml,563,220,1601,FALSE,2.18,37,5112,4482,17100,3567,866619,,,,,
kiegroup/droolsjbpm-integration,271,572,4883,FALSE,main,132,74819,72582,264323,68745,15942694,,,,,
kiegroup/droolsjbpm-knowledge,115,251,2465,FALSE,7.x,86,78176,20746,16568,6987,1509061,,,,,
movingblocks/terasology,3656,1333,12023,FALSE,develop,268,305691,29565,133834,30439,7112564,,,,,
wocommunity/wonder,236,168,14028,FALSE,master,67,470995,107128,308031,63712,16327672,,,,,
arquillian/arquillian-core,369,196,1174,FALSE,main,88,5990,17935,33563,6939,2236300,,,,,
kong/unirest-java,2592,593,2074,FALSE,main,53,3780,10213,20710,5187,1221718,,,,,
jpos/jpos-ee,106,151,1618,FALSE,master,26,21813,10259,32379,5114,1651967,,,,,
mtedone/podam,320,752,1179,FALSE,develop,21,40118,7681,14098,5030,805557,,,,,
stoicflame/enunciate,480,200,2560,FALSE,master,56,41108,25186,61064,13170,2998644,,,,,
mvel/mvel,1074,307,3154,FALSE,master,37,14624,7787,46220,11589,2015334,,,,,
prey/prey-android-client,428,182,1033,FALSE,master,9,41163,3121,25555,3699,1242050,,,,,
wisser/jailer,2819,118,5308,FALSE,master,3,425481,20554,127975,15540,5731058,,,,,
liferay/liferay-ide,129,166,8401,FALSE,master,23,325515,135457,379853,133343,22176125,,,,,
angryip/ipscan,3944,707,1785,FALSE,master,34,117459,2893,13055,2920,588127,,,,,
jenkinsci/remoting,236,269,3264,FALSE,master,82,4935,15560,34781,5530,2142834,,,,,
fluentlenium/fluentlenium,864,211,3271,FALSE,develop,58,19704,10452,44259,11906,2158143,,,,,
bytemanproject/byteman,474,152,1023,FALSE,main,22,34632,21906,42375,6484,2707621,,,,,
querydsl/querydsl,4661,867,8081,FALSE,master,108,51661,43599,118921,33062,6477027,,,,,
liferay/liferay-docs,217,857,21005,FALSE,master,138,1012467,20471,39438,13101,5467875,,,,,
restfb/restfb,744,391,2297,FALSE,master,46,18628,35311,45068,12343,3053980,,,,,
t-oster/visicut,226,115,1917,FALSE,master,51,87870,6122,24079,2919,1159246,,,,,
groovy/groovy-core,1481,434,12380,FALSE,master,133,150469,80827,156397,30118,10685964,,,,,
opensagres/xdocreport,1210,371,1280,FALSE,master,56,27235,55198,111710,21262,7380728,,,,,
carrot2/carrot2,762,206,6152,FALSE,master,11,393967,12958,51997,7469,2190883,,,,,
cloudfoundry/cf-java-client,325,310,4759,FALSE,main,67,80673,60127,155297,24745,10146185,,,,,
usc-isi-i2/web-karma,573,197,4388,FALSE,master,38,100912,21683,86864,18445,4569677,,,,,
nostra13/android-universal-image-loader,16785,6105,1039,FALSE,master,35,27133,5246,7237,1417,348510,,,,,
resteasy/resteasy,1094,890,6254,FALSE,main,201,75722,40915,236666,44183,11925035,,,,,
restlet/restlet-framework-java,645,284,8951,FALSE,2.4,44,656056,136274,148189,37443,10625140,,,,,
nuxeo/nuxeo,621,379,53510,FALSE,2023,103,460256,247689,632315,140557,37142047,,,,,
togglz/togglz,955,256,1508,FALSE,master,95,3723,5362,21008,5940,1051174,,,,,
spring-projects/spring-webflow,322,228,2655,FALSE,main,21,23013,24993,43531,10406,2748556,,,,,
jlegewie/zotfile,3714,274,1119,FALSE,master,40,10517,0,0,0,1502310,,,,,
jbosstm/quickstart,107,105,1046,FALSE,main,20,10996,9418,25805,6389,1494899,,,,,
mrniko/netty-socketio,6718,1641,1061,FALSE,master,46,2285,2733,6935,1755,387170,,,,,
dozermapper/dozer,2078,483,1094,FALSE,master,58,21734,16990,36896,10847,2217074,,,,,
hypercube1024/firefly,295,112,3336,FALSE,main,2,30626,12280,44380,9805,2271605,,,,,
marginallyclever/makelangelo-software,346,150,3303,FALSE,master,18,185425,5450,30856,6250,1344245,,,,,
denizenscript/denizen,207,104,10205,FALSE,dev,62,48288,33175,126906,16937,7348119,,,,,
open-keychain/open-keychain,2132,477,7368,FALSE,master,108,81063,12817,64048,15577,3610878,,,,,
bitcoin-wallet/bitcoin-wallet,3652,2025,4420,FALSE,main,30,41675,3290,18298,3336,1036965,,,,,
dita-ot/dita-ot,397,196,6806,FALSE,develop,39,103636,12696,54870,7572,2553139,,,,,
anysoftkeyboard/anysoftkeyboard,2842,824,7842,FALSE,main,136,282644,5521,70158,12163,3255077,,,,,
romraider/romraider,282,107,1930,FALSE,master,21,128569,13165,52344,9566,2497227,,,,,
plutext/docx4j,2075,1195,3978,FALSE,VERSION_11_5_0,35,154889,389568,352747,109032,25988552,,,,,
find-sec-bugs/find-sec-bugs,2246,467,1367,FALSE,master,64,7556,10828,38307,10567,2065710,,,,,
jknack/handlebars.java,1454,383,1117,FALSE,master,74,4275,8426,23232,5077,1058996,,,,,
openzipkin/zipkin,16900,3077,2951,FALSE,master,114,76305,6366,43606,8645,1931180,,,,,
sirixdb/sirix,1103,247,3529,FALSE,main,55,183680,55898,109137,25253,6443874,,,,,
intel-bigdata/hibench,1416,754,1538,FALSE,master,59,659188,2983,13934,3792,691318,,,,,
objectify/objectify,725,162,1271,FALSE,master,22,27591,7286,18789,5237,917359,,,,,
naver/ngrinder,1944,473,4951,FALSE,develop,30,37869,20254,37553,8344,2136459,,,,,
ron190/jsql-injection,1481,410,1158,FALSE,master,1,243448,9758,40670,11452,1934261,,,,,
ignatov/intellij-erlang,730,121,2171,FALSE,master,27,71183,8637,46005,8720,1748884,,,,,
netflix/eureka,12346,3738,1705,FALSE,master,103,12485,10540,35816,7462,2118682,,,,,
qiniu/android-sdk,625,224,1708,FALSE,master,27,4890,7054,19307,4355,961455,,,,,
yukuku/androidbible,311,174,3908,FALSE,develop,9,72944,6591,39529,8340,1803911,,,,,
apache/drill,1933,980,4515,FALSE,master,163,71502,203067,630191,114873,35263954,,,,,
wiglenet/wigle-wifi-wardriving,652,202,2215,FALSE,main,39,465202,2594,25543,3768,1302106,,,,,
drallgood/jpasskit,270,107,1033,FALSE,master,22,2404,1914,6321,1658,349017,,,,,
vanilla-music/vanilla,1137,291,2283,FALSE,master,51,31301,9580,18544,3735,1007204,,,,,
dreamhead/moco,4336,1077,3901,FALSE,master,31,6078,234,22868,5328,1040573,,,,,
forgeessentials/forgeessentials,281,144,5390,FALSE,1.16.5/develop,44,101081,5131,62329,10252,2768214,,,,,
ovirt/ovirt-engine,493,258,34761,FALSE,master,162,333472,64142,772663,169062,38602960,,,,,
ukanth/afwall,2726,449,1870,FALSE,beta,30,29642,5226,22515,4666,1187244,,,,,
neo4j/neo4j,13067,2362,79919,FALSE,5.2,251,634373,232547,883047,142379,38545456,,,,,
apps4av/avare,153,120,2190,FALSE,master,31,16823,16896,43934,10626,2453099,,,,,
dianping/cat,18551,5392,7414,FALSE,master,85,114116,22914,101587,28606,20359082,,,,,
alluxio/alluxio,6794,2933,34609,FALSE,main,349,205521,108716,284501,45710,15365878,,,,,
lwjgl/lwjgl3,4723,632,4053,FALSE,master,45,89109,689646,770826,215381,92631488,,,,,
lealone/lealone,2436,514,3096,FALSE,master,3,26884,29023,100081,16053,4602586,,,,,
ratpack/ratpack,1938,395,6457,FALSE,master,136,25854,37501,43188,11522,2969019,,,,,
koral--/android-gif-drawable,9521,1777,1150,FALSE,dev,24,6060,1494,3143,674,165023,,,,,
spring-projects/spring-ws,317,305,2472,FALSE,main,47,22310,24591,40665,13814,2715199,,,,,
kairosdb/kairosdb,1728,344,1440,FALSE,develop,55,50228,7346,45513,10611,1851834,,,,,
fixteam/fixflow,600,300,1870,FALSE,master,13,122571,106433,88838,28263,7659954,,,,,
pubnub/java,675,948,1117,FALSE,master,23,302332,1304,33257,8222,1595266,,,,,
j256/ormlite-core,576,211,1997,FALSE,main,23,23392,8208,41253,7088,1780693,,,,,
authme/authmereloaded,615,515,4182,FALSE,master,113,99846,12616,44775,10469,2450461,,,,,
finmath/finmath-lib,475,166,4649,FALSE,master,20,231166,49332,99690,25890,11171148,,,,,
asciidoctor/asciidoctorj,624,173,1804,FALSE,main,59,4831,3193,19217,5566,972927,,,,,
graphhopper/jsprit,1606,604,2159,FALSE,master,20,10715,11938,33246,9007,2304403,,,,,
clulab/processors,418,101,4590,FALSE,master,24,1829366,292,55623,275,3551101,,,,,
quantumbadger/redreader,1929,480,2373,FALSE,master,138,10302,6797,45314,12746,1818387,,,,,
openzipkin/brave,2322,713,1954,FALSE,master,112,31008,12376,54655,12142,2652545,,,,,
code4craft/webmagic,11361,4178,1295,FALSE,develop,57,17379,4045,12190,2608,781254,,,,,
jitsi/jitsi,4055,960,13240,FALSE,master,61,579335,190280,282360,61020,17610149,,,,,
jitsi/libjitsi,622,279,2492,FALSE,master,43,93768,76406,112697,21560,7242840,,,,,
windup/windup,210,130,3385,FALSE,master,44,246014,17240,95582,20201,5474139,,,,,
arx-deidentifier/arx,618,213,4290,FALSE,master,27,392748,56724,88210,20982,6485353,,,,,
lindenb/jvarkit,479,133,3293,FALSE,master,10,62549,64569,264684,50555,12220993,,,,,
opensourcebim/bimserver,1534,608,4991,FALSE,master,24,630431,970350,417173,138122,51973002,,,,,
googlemaps/android-maps-utils,3544,1531,1197,FALSE,main,82,16014,7525,14402,2955,801942,,,,,
jboss-javassist/javassist,4065,693,1031,FALSE,master,38,30569,21540,84439,9834,3087600,,,,,
javalite/javalite,853,214,2825,FALSE,master,57,25198,19952,44825,14149,2653555,,,,,
openhft/chronicle-queue,3258,528,7737,FALSE,ea,63,29638,8713,36848,7533,2019106,,,,,
sksamuel/scrimage,1057,139,1313,FALSE,master,45,620664,9083,24238,6208,441224,,,,,
apache/deltaspike,148,137,2671,FALSE,master,63,10604,42548,79125,17337,4907067,,,,,
mgarin/weblaf,1129,234,1652,FALSE,master,18,126083,132835,216617,37868,12659058,,,,,
mycelium-com/wallet-android,659,320,10282,FALSE,master,38,71430,45504,130698,16851,3536997,,,,,
ff4j/ff4j,1379,276,1437,FALSE,main,82,11000,35693,46920,11801,2737404,,,,,
stanfordnlp/corenlp,9582,2702,17258,FALSE,main,105,381559,135731,619799,71244,31093985,,,,,
spring-projects/spring-ldap,342,481,1433,FALSE,main,38,27146,22091,43492,12868,2590001,,,,,
immutables/immutables,3415,272,2641,FALSE,master,67,12805,23441,69993,18438,3692146,,,,,
bumptech/glide,34589,6119,2956,FALSE,master,131,96804,14298,81967,14069,3336369,,,,,
molgenis/systemsgenetics,166,101,4252,FALSE,master,27,342739,38261,171635,43115,9106257,,,,,
hazelcast/hazelcast-code-samples,546,594,1495,FALSE,master,80,96404,10641,35959,9140,1924505,,,,,
wmixvideo/nfe,642,376,2682,FALSE,master,80,21850,17810,157338,33381,9639198,,,,,
jchambers/pushy,1780,448,1607,FALSE,main,42,8922,5911,9047,2807,747802,,,,,
bobbylight/rsyntaxtextarea,1090,255,1021,FALSE,master,39,15276,36466,168587,26413,3077268,,,,,
komoot/photon,1867,279,1280,FALSE,master,51,10829,760,9119,2310,441352,,,,,
apiman/apiman,823,350,5005,FALSE,master,58,123557,51906,97737,20976,6011533,,,,,
jcabi/jcabi-aspects,526,150,1021,FALSE,master,28,6139,4446,4185,653,322628,,,,,
jdereg/java-util,413,103,1063,FALSE,master,11,7226,5420,35115,5474,1759820,,,,,
cjlin1/libsvm,4538,1633,1108,FALSE,master,32,9765,166,3770,479,104899,,,,,
indeedeng/proctor,461,123,2421,FALSE,master,52,38065,4550,46755,6740,2416991,,,,,
siom79/japicmp,698,107,1220,FALSE,master,32,10180,672,28448,4380,1370826,,,,,
adoptopenjdk/jitwatch,3050,435,1062,FALSE,master,30,5383,2269,70175,16078,2170263,,,,,
fxmisc/richtextfx,1196,237,1422,FALSE,master,49,3546,4592,15415,3941,916699,,,,,
adobe-consulting-services/acs-aem-commons,453,597,4687,FALSE,master,179,28016,38483,108682,26862,6936359,,,,,
cinchapi/concourse,314,235,5605,FALSE,develop,24,53428,83766,927724,121482,16277521,,,,,
itext/itextpdf,1579,456,4441,FALSE,develop,35,119441,119078,151531,29724,11556291,,,,,
gitlab4j/gitlab4j-api,1048,449,2227,FALSE,main,172,3853,21444,43082,12197,2864248,,,,,
syncthing/syncthing-android,3258,372,2459,FALSE,main,92,23268,1386,9010,1504,458104,,,,,
ehcache/ehcache3,1989,577,4928,FALSE,master,50,21453,44160,133546,29458,7896590,,,,,
erudika/para,523,146,1878,FALSE,master,14,5927,11658,29992,4738,1518139,,,,,
apache/struts-examples,428,555,1494,FALSE,master,21,4044,2617,6006,2292,417704,,,,,
fabric8io/docker-maven-plugin,1864,640,2326,FALSE,master,202,21956,6262,35372,8109,1847572,,,,,
gluufederation/oxauth,420,150,5730,FALSE,master,51,32194,19505,130911,31802,8028751,,,,,
kotcrab/vis-ui,707,129,2702,FALSE,master,27,21926,6426,19308,4614,935468,,,,,
xipki/xipki,500,126,7111,FALSE,master,7,118523,12498,94393,24883,4170563,,,,,
googleapis/java-bigtable-hbase,173,178,3697,FALSE,main,92,20694,18900,68736,11769,3915502,,,,,
siddhi-io/siddhi,1491,517,6116,FALSE,master,95,35130,26988,154130,30330,8788917,,,,,
swagger-api/swagger-parser,769,523,2821,FALSE,master,139,8628,688,29338,5527,1492980,,,,,
wso2/charon,120,162,1105,FALSE,master,81,2924,8013,27249,5593,1851776,,,,,
jetbrains/xodus,1180,109,3200,FALSE,master,32,36498,17572,66366,13211,2924503,,,,,
waikato/moa,603,352,1322,FALSE,master,55,32195,45429,114314,25794,6467301,,,,,
teammates/teammates,1644,3268,18767,FALSE,master,368,268878,17470,132733,33303,7630122,,,,,
jmetal/jmetal,503,402,4649,FALSE,main,43,257552,17613,88966,20758,4325626,,,,,
lettuce-io/lettuce-core,5226,931,2383,FALSE,main,103,20507,69833,92420,35999,6720813,,,,,
bither/bither-android,429,169,1962,FALSE,master,12,9076,14802,73168,10519,2997888,,,,,
leibnitz27/cfr,1944,248,1925,FALSE,master,15,5346,8106,66880,11710,3598637,,,,,
asciidocfx/asciidocfx,1865,296,1993,FALSE,master,25,1357402,1420,21977,5593,966097,,,,,
ctt-gob-es/clienteafirma,249,120,6855,FALSE,master,17,584160,55395,154637,33327,9974367,,,,,
google/guice,12453,1662,2120,FALSE,master,77,124891,20124,73158,13660,3649969,,,,,
docker-java/docker-java,2870,1049,2145,FALSE,main,210,5796,8935,39255,11711,1801816,,,,,
apache/parquet-mr,2434,1363,2625,FALSE,master,205,14833,33661,124010,21444,6463468,,,,,
google/exoplayer,21660,6004,18875,FALSE,release-v2,247,484242,104568,329127,45414,18260429,,,,,
opengamma/strata,837,283,4752,FALSE,main,58,43997,216438,498848,78521,30671263,,,,,
openclinica/openclinica,385,263,5751,FALSE,master,22,84193,46397,174607,37560,17879694,,,,,
spotbugs/sonar-findbugs,349,134,1168,FALSE,master,38,4579,1741,5119,1322,305468,,,,,
teamamaze/amazefilemanager,5244,1562,6537,FALSE,release/4.0,142,61071,9511,37188,6230,1920807,,,,,
douglascraigschmidt/livelessons,589,665,1614,FALSE,master,9,39886,103493,113591,33595,119175627,,,,,
openhft/chronicle-map,2752,468,3446,FALSE,ea,50,55920,14249,55434,11582,2979670,,,,,
processing/processing-android,774,293,2788,FALSE,main,35,107709,26785,65011,19511,3359215,,,,,
altbeacon/android-beacon-library,2820,835,1296,FALSE,master,58,8360,4268,12687,2031,770089,,,,,
iluwatar/java-design-patterns,89186,26389,4105,FALSE,master,404,34804,57565,43765,11489,4251575,,,,,
nlpchina/elasticsearch-sql,6982,1534,1047,FALSE,master,31,8953,3740,35918,6927,1864528,,,,,
davidmoten/rtree,1086,210,1273,FALSE,master,10,1856,1174,8389,1878,393228,,,,,
btraceio/btrace,5793,955,1526,FALSE,develop,24,17611,19231,47539,7005,2590196,,,,,
spongepowered/spongeapi,1139,343,4068,FALSE,api-11,114,19518,86218,38697,19739,6167985,,,,,
lcm-proj/lcm,958,388,1457,FALSE,master,53,9361,33157,31724,7121,2353152,,,,,
neo4j/neo4j-ogm,327,163,1870,FALSE,master,37,19832,30073,57169,16315,3533176,,,,,
yegor256/takes,803,197,3207,FALSE,master,78,32261,20895,24698,3383,1594204,,,,,
prmr/jetuml,618,121,2651,FALSE,master,27,9229,13167,32452,4954,1683713,,,,,
googleapis/google-http-java-client,1386,448,1449,FALSE,main,98,11614,15734,26667,4857,1643152,,,,,
xbmc/kore,639,245,1087,FALSE,master,99,49143,11277,36217,6955,2156787,,,,,
mariadb-corporation/mariadb-connector-j,329,222,3433,FALSE,master,66,19180,16657,79974,10969,3684542,,,,,
joml-ci/joml,710,102,2120,FALSE,main,35,31147,97507,67138,9109,6894424,,,,,
vert-x3/vertx-examples,3523,2085,1436,FALSE,4.x,90,51587,2545,12175,2997,557677,,,,,
openhft/chronicle-core,544,128,3905,FALSE,ea,43,5651,16692,23382,5152,1663211,,,,,
elki-project/elki,777,321,10460,FALSE,master,16,57394,189950,208878,34457,13928207,,,,,
spring-cloud/spring-cloud-sleuth,1751,779,3475,FALSE,3.1.x,143,89870,21517,60744,16914,3265197,,,,,
apache/openmeetings,629,255,3719,FALSE,master,16,83919,27218,71622,12431,3900431,,,,,
apache/samza,805,332,2602,FALSE,master,133,34988,58922,132537,27729,9397373,,,,,
jplag/jplag,1316,307,3929,FALSE,main,44,61596,5650,23926,5440,1358527,,,,,
yacy/yacy_search_server,3371,424,14522,FALSE,master,68,826243,56019,158215,25233,10106328,,,,,
mysql/mysql-connector-j,868,569,3091,FALSE,release/8.x,14,36257,64399,205938,37843,13463303,,,,,
mzmine/mzmine2,129,133,5652,FALSE,master,32,470630,48625,118649,32858,6835980,,,,,
wro4j/wro4j,474,107,4045,FALSE,master,54,111332,13267,40241,8204,1925228,,,,,
react-native-video/react-native-video,6983,2825,2121,FALSE,master,255,28052,259,4068,687,179565,,,,,
blusunrize/immersiveengineering,776,388,4916,FALSE,1.20.4,100,94518,12526,126657,16772,5259114,,,,,
espertechinc/esper,821,256,1266,FALSE,master,10,47674,160620,584013,129737,40122901,,,,,
neo4j/neo4j-java-driver,325,155,2576,FALSE,5,45,14107,28317,81715,15882,4729294,,,,,
watson-developer-cloud/java-sdk,587,532,4179,FALSE,master,79,403682,83785,110988,23337,7716711,,,,,
minio/minio-java,1085,476,1321,FALSE,master,78,11621,11670,23627,4239,1231063,,,,,
limpoxe/android-plugin-framework,1783,497,1490,FALSE,master,1,339754,2998,95107,5550,750847,,,,,
vigna/fastutil,1742,195,1896,FALSE,master,20,24552,4618,19670,4142,1018983,,,,,
confluentinc/kafka-connect-hdfs,476,397,2665,FALSE,master,69,2457,2229,11761,2209,568865,,,,,
nukkit/nukkit,824,273,2508,FALSE,master,68,10735,8405,86648,20107,3457141,,,,,
refinitiv/real-time-sdk,180,128,2632,FALSE,master,37,776434,132697,565946,111599,32554374,,,,,
chatty/chatty,836,171,1348,FALSE,master,20,48029,26992,117619,19608,6289725,,,,,
javamelody/javamelody,2925,735,3751,FALSE,master,35,112938,17363,53848,7573,2827927,,,,,
sonatype/nexus-public,1897,560,1168,FALSE,main,8,158526,84957,226392,54602,13149935,,,,,
arianne/stendhal,586,200,39161,FALSE,master,23,1120920,120231,243298,53926,13904910,,,,,
linkedin/brooklin,892,134,1447,FALSE,master,35,5887,12307,39470,9132,2578713,,,,,
w3c/css-validator,205,105,4000,FALSE,main,22,67778,60438,144633,26592,6995681,,,,,
scalecube/scalecube-services,606,106,4702,FALSE,master,21,6738,2035,14914,3053,666958,,,,,
teamnewpipe/newpipe,30932,3013,11247,FALSE,dev,308,76210,8449,49490,10572,2623090,,,,,
apache/freemarker,955,262,2510,FALSE,2.3-gae,38,23957,37719,95987,18327,5886175,,,,,
games647/fastlogin,488,118,1109,FALSE,main,29,8473,3603,6583,1576,468736,,,,,
team-rtg/realistic-terrain-generation,244,119,3402,FALSE,1.12.2-dev,17,27737,3318,64564,17875,3043501,,,,,
everit-org/json-schema,848,283,1078,FALSE,master,38,2555,2039,15316,3446,711661,,,,,
treasure-data/digdag,1301,221,4397,FALSE,master,99,84997,4322,92270,14571,4121614,,,,,
jpmml/jpmml-sklearn,528,117,1783,FALSE,master,1,215923,8062,24514,8493,1195202,,,,,
beanshell/beanshell,831,181,1064,FALSE,master,20,16099,14615,29592,5433,1978824,,,,,
uber/okbuck,1536,165,1111,FALSE,master,41,17744,874,10800,2156,474870,,,,,
zalando/nakadi,947,291,6019,FALSE,master,54,15424,1495,51637,9709,2622044,,,,,
widdix/aws-cf-templates,2742,1381,1036,FALSE,master,38,12918,74,3691,325,200478,,,,,
xuxueli/xxl-job,27201,10791,1742,FALSE,master,57,34297,2925,9104,2259,770675,,,,,
refinedmods/refinedstorage,355,177,4128,FALSE,develop,67,32333,2553,42392,10229,2018226,,,,,
alexmofer/projectx,457,152,1004,FALSE,master,1,60761,8186,17993,2881,948979,,,,,
bootique/bootique,1414,284,1556,FALSE,master,16,3069,11628,27487,8399,1592580,,,,,
roncoo/roncoo-education,1240,538,1699,FALSE,master,11,62382,9574,50719,14020,2280374,,,,,
fabric8io/fabric8-maven-plugin,334,201,2418,FALSE,master,69,38503,8759,33518,7127,1872183,,,,,
daniulive/smarterstreaming,10898,2757,1502,FALSE,master,1,6823331,2740,8937,2944,683689,,,,,
tls-attacker/tls-attacker,769,132,6737,FALSE,main,74,30333,21201,112326,20424,6145409,,,,,
tencent/tencentkona-8,930,147,49682,FALSE,master,140,533546,2464935,3871139,739949,270211787,,,,,
electroblob77/wizardry,190,101,1240,FALSE,1.12.2,25,20181,11319,52275,15475,3161393,,,,,
freeyourgadget/gadgetbridge,4192,655,10656,FALSE,master,303,47789,39383,209988,48976,12116222,,,,,
spoonlabs/astor,203,106,1800,FALSE,master,26,246102,1465962,2458714,486865,1491193,,,,,
apache/calcite-avatica,242,229,2822,FALSE,main,136,33020,14411,41374,8304,2289656,,,,,
apache/maven-dependency-plugin,155,173,1305,FALSE,master,67,2532,5975,12292,3325,802572,,,,,
objectbox/objectbox-java,4365,302,1827,FALSE,main,8,2740,11403,23548,5367,1466864,,,,,
jtablesaw/tablesaw,3499,634,2518,FALSE,master,83,66174,11312,56492,10999,2492361,,,,,
nextgenhealthcare/connect,868,265,9786,FALSE,development,17,662111,42860,251383,57180,14258611,,,,,
tencent/shadow,7303,1270,1641,FALSE,master,32,3630,7417,23331,5552,1176786,,,,,
drewnoakes/metadata-extractor,2542,479,1447,FALSE,main,54,12735,16149,39111,6453,2298356,,,,,
liaochong/myexcel,1647,326,1527,FALSE,master,14,4323,5255,11696,2100,645200,,,,,
apache/commons-math,570,354,7190,FALSE,master,50,28799,84541,148917,26128,10256376,,,,,
88250/symphony,2510,464,7071,FALSE,master,28,46785,17939,29068,7275,2042841,,,,,
88250/solo,1564,439,4600,FALSE,master,31,157242,10817,16168,3817,1124154,,,,,
jfree/jfreechart,1188,456,4226,FALSE,master,26,27390,124134,132945,26662,9560014,,,,,
openwms/org.openwms,484,164,5224,FALSE,master,3,103868,2080,1195,315,118622,,,,,
quelea-projection/quelea,150,145,4142,FALSE,master,96,1820526,17342,41307,5585,2366147,,,,,
gravitlauncher/launcher,131,105,2832,FALSE,master,36,9776,805,27939,4736,1248769,,,,,
linlinjava/litemall,19106,7168,1186,FALSE,master,61,24593,40871,60606,14958,3959073,,,,,
jctools/jctools,3497,554,1043,FALSE,master,40,7891,11159,40464,7004,2090856,,,,,
zq2599/blog_demos,4350,1813,1179,FALSE,master,2,247898,35149,68754,18633,4165305,,,,,
controlsfx/controlsfx,1545,267,3556,FALSE,master,120,27892,29289,42482,10351,3245110,,,,,
blankj/androidutilcode,32965,10637,1433,FALSE,master,39,47329,18093,39223,6934,2370153,,,,,
allure-framework/allure2,4079,703,1193,FALSE,main,79,14423,5033,13936,2976,779419,,,,,
authorjapps/zerocode,886,386,1673,FALSE,master,54,5043,1557,19573,5437,1001433,,,,,
java110/microcommunity,821,370,9367,FALSE,master,18,272244,169708,454253,138919,27326727,,,,,
spongepowered/sponge,383,210,9580,FALSE,api-11,120,62904,86527,172826,33367,13121302,,,,,
fvarrui/javapackager,1026,131,1779,FALSE,master,27,6665,1334,5912,1743,258132,,,,,
innoxia/liliths-throne-public,460,423,3915,FALSE,dev,75,380700,26737,525528,78014,27915885,,,,,
tronprotocol/wallet-cli,582,409,3221,FALSE,develop,64,43623,3461,22546,3383,1005968,,,,,
reposense/reposense,238,153,1042,FALSE,master,76,97678,2747,14079,3168,847415,,,,,
spring-cloud/spring-cloud-consul,813,541,1160,FALSE,main,64,76212,3390,9758,2735,558841,,,,,
microsoft/azure-maven-plugins,274,146,4479,FALSE,develop,46,12811,6197,56004,9979,3007720,,,,,
nordicsemiconductor/android-nrf-mesh-library,405,174,1588,FALSE,main,19,9115,18170,57009,10805,3615122,,,,,
ctripcorp/dal,1244,448,1551,FALSE,master,11,122290,9332,104517,23647,4862855,,,,,
jobrunr/jobrunr,2329,223,1697,FALSE,master,40,7038,4140,48230,11133,2605362,,,,,
cloudnetservice/cloudnet-v3,353,120,2885,FALSE,nightly,35,106564,45456,77733,15519,5156423,,,,,
spongepowered/spongedocs,108,115,1503,FALSE,stable,102,7326,800,1610,312,82115,,,,,
shadows-of-fire/apotheosis,162,125,1174,FALSE,1.2,30,12190,2404,24925,5010,1378047,,,,,
querz/mcaselector,3147,176,1406,FALSE,master,34,23303,768,33144,5767,1267433,,,,,
mobivm/robovm,935,133,1273,FALSE,master,31,207361,900043,1260676,201643,75432399,,,,,
nutzam/nutzboot,498,138,1251,FALSE,dev,23,6991,3038,27388,5661,1034003,,,,,
dmulloy2/protocollib,1001,261,1670,FALSE,master,81,30799,17749,37248,9210,2302772,,,,,
scada-lts/scada-lts,722,289,5231,FALSE,develop,24,194037,29137,177177,40555,10273793,,,,,
magento/magento2-phpstorm-plugin,435,102,2803,FALSE,5.4.0-develop,35,20274,15308,63904,12591,3151508,,,,,
eclipse/jkube,685,414,1936,FALSE,master,220,26787,26240,91364,16127,5087137,,,,,
confluentinc/kafka-connect-storage-cloud,268,328,3365,FALSE,master,79,3352,1886,12020,2250,613643,,,,,
vectorwing/farmersdelight,279,166,1783,FALSE,1.2,80,7344,474,15912,2360,797087,,,,,
mzmine/mzmine3,159,112,14218,FALSE,master,55,722537,113293,231385,50948,14723742,,,,,
stleary/json-java,4496,2550,1280,FALSE,master,88,2912,7555,14569,2120,955269,,,,,
almasb/fxgl,4315,546,5189,FALSE,dev,48,88655,11431,36300,10249,1808557,,,,,
locationtech/jts,1929,441,1507,FALSE,master,52,41730,68348,130498,28096,7499073,,,,,
thombergs/code-examples,2614,2618,1009,FALSE,master,33,157396,3009,45767,12428,1897632,,,,,
multiverse/multiverse-core,946,298,1506,FALSE,main,41,15674,6275,13819,2699,821649,,,,,
discordsrv/discordsrv,980,498,3975,FALSE,master,105,15515,4266,15146,2829,1018937,,,,,
javacord/javacord,742,180,2511,FALSE,master,61,7295,38049,48269,12607,3332528,,,,,
tinode/tindroid,337,189,1718,FALSE,master,11,29300,5730,33189,5680,1638606,,,,,
iandarwin/javasrc,240,151,5298,FALSE,master,3,55409,13947,49977,10549,2058936,,,,,
chestshop-authors/chestshop-3,272,178,1003,FALSE,master,39,5722,3261,12485,2928,662363,,,,,
williamfiset/algorithms,16943,4311,1632,FALSE,master,48,1274488,9028,30730,8500,1437187,,,,,
google/data-transfer-project,3549,483,1904,FALSE,master,67,10659,12613,49069,9196,2715152,,,,,
remkop/picocli,4863,418,4604,FALSE,main,123,85024,12662,73789,10894,4610778,,,,,
federicoiosue/omni-notes,2684,1106,3397,FALSE,develop,35,55770,4917,17169,3963,903151,,,,,
librepdf/openpdf,3457,575,1595,FALSE,master,122,38806,71848,102057,15908,6869702,,,,,
netflix/genie,1691,365,3188,FALSE,master,31,214508,40269,65730,10886,4404318,,,,,
knowm/xchart,1486,394,1728,FALSE,develop,57,14944,5180,25121,6892,1060190,,,,,
webankfintech/dataspherestudio,3004,997,3794,FALSE,master,52,250180,18747,57149,15071,7038972,,,,,
raiman/sikulix1,2519,327,2150,FALSE,master,9,175554,12169,51290,8686,2122872,,,,,
countly/countly-sdk-android,680,297,2091,FALSE,master,25,12133,7320,26757,6845,1639280,,,,,
apache/submarine,686,251,1051,FALSE,master,64,30721,36396,64620,9073,4223183,,,,,
plan-player-analytics/plan,848,169,6420,FALSE,master,72,85727,29114,83357,16879,5030201,,,,,
spinnaker/halyard,307,704,1863,FALSE,master,180,7922,19045,57562,11608,3242877,,,,,
dekorateio/dekorate,467,101,1879,FALSE,main,46,18566,16220,32954,8477,1933367,,,,,
frostwire/frostwire,495,156,7660,FALSE,master,22,1104540,70245,141503,22196,8618530,,,,,
rieckpil/blog-tutorials,772,757,1054,FALSE,master,7,26509,684,20926,5764,797881,,,,,
zaproxy/zap-hud,250,152,1878,FALSE,main,26,9851,1607,5276,998,289404,,,,,
twiliodeved/api-snippets,258,470,3810,FALSE,master,147,31201,2649,16645,4246,942883,,,,,
webankfintech/exchangis,437,206,1576,FALSE,master,36,43310,11255,53979,11713,2827652,,,,,
azure/azure-iot-sdk-java,195,234,1832,FALSE,main,81,75734,28255,92546,18504,5709216,,,,,
tencentyun/cos-java-sdk-v5,153,141,1051,FALSE,master,14,3726,38257,81590,20402,5023995,,,,,
confluentinc/rest-utils,124,209,10467,FALSE,master,85,15166,2556,13506,2461,682245,,,,,
noear/solon,2127,211,13530,FALSE,master,60,56260,27075,95216,25083,4042816,,,,,
microg/gmscore,8038,1660,1643,FALSE,master,108,10593,27185,57954,13163,3631590,,,,,
web3j/web3j,4936,1605,2198,FALSE,master,190,10195,11117,60913,11453,3411015,,,,,
googleapis/google-api-java-client,1335,694,1637,FALSE,main,70,14664,8366,13001,2537,884953,,,,,
flowci/flow-core-x,1602,120,2730,FALSE,master,4,8475,7417,24698,7593,1227943,,,,,
fkzhang/wechatunrecalled,1249,265,2718,FALSE,master,1,3887482,60,863,174,40447,,,,,
yangfuhai/jboot,732,251,4208,FALSE,master,29,39331,17125,47931,14826,2415442,,,,,
afkt/devutils,1327,302,4290,FALSE,master,1,16481,71774,97324,17835,6922651,,,,,
alibaba/alibaba-rsocket-broker,760,164,2973,FALSE,master,15,7606,3625,18052,3350,874023,,,,,
teamnewpipe/newpipeextractor,1312,402,2661,FALSE,dev,70,124345,8468,38711,7871,2171052,,,,,
openjdk/jmh,2132,299,1676,FALSE,master,50,4047,29681,53111,12591,3504357,,,,,
wso2/product-microgateway,290,247,4035,FALSE,main,53,94064,31376,112861,14369,2866062,,,,,
skinsrestorer/skinsrestorerx,497,169,2266,FALSE,dev,45,6985,6332,13780,2844,904179,,,,,
openhab/org.openhab.binding.zwave,170,202,1168,FALSE,main,51,26606,12838,30512,7010,2021730,,,,,
open-rsc/core-framework,226,125,7856,FALSE,develop,36,690059,13104,248647,28997,10899998,,,,,
skjolber/3d-bin-container-packing,418,116,1034,FALSE,master,11,4206,2832,18425,5709,790891,,,,,
consensys/tessera,170,105,7373,FALSE,master,31,1628904,2527,75513,21374,3403378,,,,,
ohdsi/webapi,125,162,1643,FALSE,master,64,29528,13370,65923,16252,3260623,,,,,
jitsi/jitsi-meet-torture,160,149,1225,FALSE,master,39,281143,10108,17406,4586,1056091,,,,,
apache/maven-resolver,122,125,1205,FALSE,master,46,7424,30252,58303,12670,3956622,,,,,
tronprotocol/java-tron,3704,1394,18335,FALSE,develop,184,209233,15645,179214,30696,8412316,,,,,
braisdom/objectivesql,1264,161,1182,FALSE,master,10,2600,6842,19539,5052,945197,,,,,
discord4j/discord4j,1766,262,4026,FALSE,master,85,24840,41095,49662,12808,3963386,,,,,
dibo-software/diboot,1444,277,3239,FALSE,develop-v3,11,17459,22543,31499,5574,1982017,,,,,
fasterxml/jackson-dataformats-binary,308,128,1402,FALSE,2.18,46,10565,12573,59334,10845,2898589,,,,,
datageartech/datagear,1418,335,3842,FALSE,master,5,85228,37723,88177,23156,4042952,,,,,
microsoft/azure-tools-for-java,236,157,11878,FALSE,develop,47,168152,24150,170971,30116,9322916,,,,,
alphawallet/alpha-wallet-android,576,525,5783,FALSE,master,71,65718,6129,121665,19654,5659392,,,,,
cassandre-tech/cassandre-trading-bot,577,162,2115,FALSE,development,9,27456,6019,19327,3700,1279468,,,,,
neznamy/tab,877,247,5099,FALSE,master,39,12258,9778,24015,4389,1464832,,,,,
kobylynskyi/graphql-java-codegen,252,113,1083,FALSE,main,47,3193,2717,16954,3912,954428,,,,,
rememberber/wepush,4058,972,1926,FALSE,master,2,45760,3674,24893,4583,1497861,,,,,
pravega/pravega,1981,405,3295,FALSE,master,97,49374,100768,294335,53612,20581223,,,,,
vertaai/modeldb,1688,285,4114,FALSE,main,50,55232,2880,86490,10709,3922443,,,,,
spring-cloud/spring-cloud-contract,716,439,4573,FALSE,main,148,136305,18323,43910,12120,2331026,,,,,
moxi624/mogu_blog_v2,1578,491,1200,FALSE,Nacos,24,68732,13336,26326,5630,1535971,,,,,
syndesisio/syndesis,594,205,17480,FALSE,1.15.x,91,190245,33456,115443,27783,7005847,,,,,
googlecloudplatform/getting-started-java,477,523,1445,FALSE,main,42,53270,1422,4103,645,317087,,,,,
database-rider/database-rider,632,131,1002,FALSE,master,46,18195,2264,22148,4902,1070512,,,,,
adorsys/keycloak-config-cli,732,137,2021,FALSE,main,40,4421,3078,21522,5385,1356917,,,,,
oraxen/oraxen,604,306,2378,FALSE,master,48,31557,1626,30062,5687,1652744,,,,,
fmi/java-course,169,121,1017,FALSE,master,34,95677,870,6641,2140,301806,,,,,
mindgamesnl/openaudiomc,337,105,3684,FALSE,master,45,321212,3589,29773,7468,1481429,,,,,
haifengl/smile,5999,1122,4019,FALSE,master,51,253328,82388,118147,25459,7687834,,,,,
stargate/stargate,820,161,1858,FALSE,main,39,17025,38961,196780,31634,9924898,,,,,
pnoker/iot-dc3,524,182,1393,FALSE,main,16,139781,31450,33647,9133,2394340,,,,,
guardianproject/orbot,2113,329,4517,FALSE,master,131,898114,603,5426,1364,284583,,,,,
saki4510t/libcommon,192,156,3482,FALSE,master,1,455102,34102,69272,10558,3531594,,,,,
powerjob/powerjob,6753,1186,1239,FALSE,master,22,19397,11163,30219,7780,1723874,,,,,
erupts/erupt,2508,469,2154,FALSE,master,21,163692,3955,23677,4887,11345519,,,,,
ome/openmicroscopy,195,101,48755,FALSE,develop,42,1985609,18018,47267,6954,2760038,,,,,
smartboot/smart-socket,505,111,1817,FALSE,master,8,8151,2955,7136,1326,385022,,,,,
provectus/kafka-ui,9155,1123,1918,FALSE,master,168,30382,693,33587,5198,1448482,,,,,
skytubeteam/skytube,2288,320,4620,FALSE,master,177,28096,5915,18151,4188,1034279,,,,,
zhongjhatc/albumcamerarecorder,976,109,1036,FALSE,androidx,3,252788,6640,16498,3575,914738,,,,,
usnistgov/jsip,279,129,2258,FALSE,master,21,14472,73760,114681,33914,7965686,,,,,
codeintelligencetesting/jazzer,998,134,1495,FALSE,main,33,5702,8101,35184,5290,1699742,,,,,
graphwalker/graphwalker-project,316,114,1989,FALSE,master,22,20803,8755,18143,3651,1121867,,,,,
suryakant-bharti/important-java-concepts,784,302,1129,FALSE,master,1,1006,1407,10275,2320,347295,,,,,
axelor/axelor-open-platform,391,298,11484,FALSE,master,13,38319,19368,63839,14340,2999650,,,,,
dapr/quickstarts,1024,520,1502,FALSE,master,130,183385,130,1198,289,57865,,,,,
googleads/googleads-mobile-flutter,335,274,1316,FALSE,main,225,5071,1437,9547,1468,465731,,,,,
dromara/hutool,28942,7483,5298,FALSE,v5-master,279,64895,109442,138830,30847,7712624,,,,,
dromara/forest,1651,212,2581,FALSE,master,21,7835,16695,57619,13132,2840580,,,,,
awslabs/multi-model-server,981,229,1192,FALSE,master,48,38657,1708,9680,1851,483206,,,,,
bg-software-llc/superiorskyblock2,166,138,4160,FALSE,master,23,63477,13052,106055,29289,5286042,,,,,
ballcat-projects/ballcat,1450,294,1683,FALSE,master,30,12982,26113,31983,9492,2174317,,,,,
biblelamp/javaexercises,146,135,2465,FALSE,master,2,4758,8693,63871,12473,2516583,,,,,
vaticle/typedb,3727,338,6605,FALSE,development,50,103004,4878,71291,14238,3903692,,,,,
dreamoftheredchamber/system-design-interviews,2033,663,1439,FALSE,master,8,640593,1292,3378,702,154774,,,,,
ofdrw/ofdrw,1287,389,1231,FALSE,master,29,367261,29547,49196,9819,2715001,,,,,
mcdcorp/opentest,443,107,1467,FALSE,master,8,7381,1805,12766,2702,632025,,,,,
sunchit/coding-decoded,376,269,3510,FALSE,master,48,8036,5777,32880,8215,1202216,,,,,
zebrunner/carina,953,217,8261,FALSE,master,55,57889,1495,7533,1899,411654,,,,,
jeecgboot/jeecg-boot,38243,14365,1160,FALSE,master,15,61396,27025,53140,9917,9148663,,,,,
cmu-db/benchbase,431,174,2263,FALSE,main,67,110970,13430,40746,7482,2109663,,,,,
itwanger/tobebetterjavaer,12630,1764,1359,FALSE,master,24,2030847,0,0,0,5608,,,,,
apolloconfig/apollo,29036,10207,2892,FALSE,master,148,53649,12994,44004,10687,2515370,,,,,
vazkiimods/patchouli,298,120,1028,FALSE,1.20.x,45,7929,722,11033,2724,463165,,,,,
ixrjog/opscloud4,1295,504,2068,FALSE,master,2,23627,27847,105199,26512,5304778,,,,,
yegor256/qulice,298,110,2016,FALSE,master,47,20650,7564,9065,1532,583378,,,,,
karatelabs/karate,8046,1930,4606,FALSE,master,107,26110,9211,46411,8034,2162549,,,,,
luckperms/luckperms,1990,509,2166,FALSE,master,78,14829,36255,66471,16140,4662265,,,,,
androidx/media,1569,373,21305,FALSE,release,277,574693,126261,476225,65786,25508260,,,,,
logfellow/logstash-logback-encoder,2429,407,1247,FALSE,main,68,3336,10551,19895,5901,1323823,,,,,
openjdk/jdk8u,223,175,49457,FALSE,master,132,1005497,2454573,3845609,735411,268597593,,,,,
huaweicloud/sermant,1121,143,1602,FALSE,develop,25,41517,77879,103959,24867,7060624,,,,,
openedx/edx-app-android,300,335,3700,FALSE,master,41,55107,8415,43266,8497,2145258,,,,,
youlaitech/youlai-mall,2107,719,1524,FALSE,master,18,146168,5439,12876,3780,674871,,,,,
chtrembl/azure-cloud,120,279,1595,FALSE,main,2,39612,1157,10242,2584,470339,,,,,
dtstack/taier,1304,325,1464,FALSE,master,44,154846,71654,166459,39073,9949923,,,,,
dromara/hertzbeat,4466,783,1362,FALSE,master,166,242865,17618,36157,6463,2274470,,,,,
draconic-inc/draconic-evolution,332,167,1187,FALSE,master,40,37619,11709,52256,9586,3270490,,,,,
camunda/zeebe,3046,549,38134,FALSE,main,139,274634,114172,542182,102585,27657315,,,,,
neoapplications/neo-launcher,1578,102,4169,FALSE,main,93,145807,26052,96797,19205,5448897,,,,,
camunda-consulting/camunda-7-code-examples,602,995,1782,FALSE,main,46,126869,42741,116035,36433,7769102,,,,,
matteobaccan/owner,914,212,1102,FALSE,master,26,5113,2878,8889,2368,452366,,,,,
grasscutters/grasscutter,16053,4471,2313,FALSE,development,184,96872,474791,2540125,244974,3450274,,,,,
linyuzai/concept,404,119,1010,FALSE,master,1,20000,19201,52352,12908,2436267,,,,,
microsoft/spring-cloud-azure,216,105,1835,FALSE,main,42,7487,140,329,49,14113,,,,,
didi/dokit,19889,3053,2340,FALSE,master,92,58535,28136,77640,15247,4296332,,,,,
cloudsimplus/cloudsimplus,408,194,3200,FALSE,master,27,45982,27625,25136,6597,2228341,,,,,
pascal-lab/tai-e,1333,172,2118,FALSE,master,13,12904,23121,46673,10129,2530694,,,,,
didi/knowstreaming,6876,1272,1372,FALSE,master,57,200006,7651,47390,12437,2769506,,,,,
anasimloul/leetcode-solutions,352,112,5405,FALSE,main,2,9822,5356,51349,7040,1952149,,,,,
alexmodguy/ice_and_fire,382,235,3458,FALSE,1.18.2,49,54313,3279,77305,10587,4155290,,,,,
mywalkb/lsposed_mod,3007,150,3095,FALSE,main,69,21892,5351,22413,3808,1209748,,,,,
deeplearning4j/deeplearning4j,13601,3826,2761,FALSE,master,68,748466,203138,699324,161237,43004115,,,,,
eclipse-hono/hono,450,139,6353,FALSE,master,48,51369,68354,119173,25630,8879799,,,,,
didi/knowsearch,369,103,3352,FALSE,master,12,252303,39371,129149,31921,7739171,,,,,
learning-zone/java-basics,1577,749,1169,FALSE,master,12,123197,585,6658,1806,203240,,,,,
gitblit-org/gitblit,2254,670,3375,FALSE,master,117,23550,25398,86194,17488,4240850,,,,,
vinylmusicplayer/vinylmusicplayer,824,147,3364,FALSE,master,70,22782,1829,29001,5919,1354900,,,,,
hyphanet/fred,1004,204,31804,FALSE,next,79,60655,42120,203507,32109,10004817,,,,,
kumar-laxmi/algorithms,310,372,2256,FALSE,main,150,4112,3518,13339,3205,665239,,,,,
dromara/ruoyi-cloud-plus,688,202,2868,FALSE,2.X,63,98703,23158,42056,9829,2360533,,,,,
esri/arcgis-maps-sdk-java-samples,112,119,2449,FALSE,main,19,481862,16112,28844,8334,2009109,,,,,
dromara/ruoyi-vue-plus,1035,286,4128,FALSE,5.X,121,20549,17974,28082,6679,1641201,,,,,
apache/incubator-celeborn,744,305,1660,FALSE,main,83,27209,8846,42629,7102,2257359,,,,,
testng-team/testng-eclipse,195,165,1131,FALSE,master,29,67052,3505,18671,3899,854253,,,,,
koushenhai/kcloud-platform-alibaba,397,102,5078,FALSE,master,11,98408,36987,57671,15043,3406873,,,,,
chat2db/chat2db,14621,1637,3743,FALSE,main,29,18485,18626,48500,11159,2585793,,,,,
NetEase/amoro,662,224,1158,FALSE,master,60,65765,43002,213945,30356,9599042,,,,,
apache/incubator-paimon,1734,726,2316,FALSE,master,133,30532,58770,229245,43738,13073433,,,,,
grpc-ecosystem/grpc-spring,3474,812,1491,FALSE,master,60,3849,9352,14437,3880,1010084,,,,,
hapifhir/hapi-hl7v2,265,132,1088,FALSE,master,15,98798,1792403,1116617,600515,110292326,,,,,
apache/incubator-kie-kogito-examples,253,374,1289,FALSE,stable,74,47903,9795,25783,6634,1710431,,,,,
datastrato/gravitino,654,199,1385,FALSE,main,81,16973,26495,130075,21426,6643099,,,,,
tink-crypto/tink,13456,1174,7864,FALSE,master,106,61010,31621,145561,18687,7943291,,,,,
Potion-Studios/BYG,222,104,2321,FALSE,1.19.4,49,142719,1712,56156,8830,3918033,,,,,
apache/logging-flume,2503,1568,2012,FALSE,trunk,62,45108,19904,65486,12434,3368543,,,,,
apache/incubator-amoro,674,231,1170,FALSE,master,61,65145,43034,213964,30357,9605713,,,,,
junixapp/XPopup,7650,1156,1102,FALSE,master,1,152990,2077,11637,1651,581114,,,,,
apache/parquet-java,2543,1392,2675,FALSE,master,219,15027,33604,126164,21735,6548148,,,,,
zulip/zulip-android-legacy,408,246,1087,FALSE,master,32,8983,2159,14794,2809,721868,,,,,
,,,,,,,,,116353.1983,,,,,,,